{
  "config": {
    "input_dim": 784,
    "hidden_dim": 256,
    "num_layers": 4,
    "num_samples": 1000
  },
  "attack_surface": {
    "mask_locked": {
      "weight_poisoning": "IMPOSSIBLE",
      "memory_tampering": "IMPOSSIBLE",
      "supply_chain_injection": "IMPOSSIBLE",
      "runtime_modification": "IMPOSSIBLE",
      "attack_surface": 0.0
    },
    "conventional": {
      "weight_poisoning": "POSSIBLE",
      "memory_tampering": "POSSIBLE",
      "supply_chain_injection": "POSSIBLE",
      "runtime_modification": "POSSIBLE",
      "attack_surface": 1.0
    }
  },
  "input_attacks": {
    "fgsm": {
      "epsilon": [
        0.0,
        0.01,
        0.02,
        0.05,
        0.1,
        0.2,
        0.3
      ],
      "success_rate": [
        0.0,
        0.0,
        0.0,
        0.0,
        0.0,
        0.0,
        0.0
      ],
      "ternary_rate": [
        0.0,
        0.0,
        0.0,
        0.0,
        0.0,
        0.0,
        0.0
      ]
    },
    "pgd": {
      "epsilon": [
        0.0,
        0.02,
        0.1,
        0.3
      ],
      "success_rate": [
        0.0,
        0.0,
        0.0,
        0.0
      ],
      "ternary_rate": [
        0.0,
        0.0,
        0.0,
        0.0
      ]
    },
    "cw": {
      "success_rate": [
        1.0,
        1.0,
        1.0,
        1.0
      ],
      "ternary_rate": [
        0.9,
        0.9,
        0.9,
        0.9
      ]
    },
    "blackbox": {
      "queries": [
        100,
        500,
        1000,
        5000
      ],
      "success_rate": [
        0.0,
        0.0,
        0.0,
        0.0
      ],
      "ternary_rate": [
        0.0,
        0.0,
        0.0,
        0.0
      ]
    }
  },
  "certified_robustness": {
    "certified_radii": [
      0.007843017578118873,
      0.007843017578118873,
      0.007843017578118873,
      0.007843017578118873,
      0.007843017578118873,
      0.007843017578118873,
      0.007843017578118873,
      0.007843017578118873,
      0.007843017578118873,
      0.007843017578118873,
      0.007843017578118873,
      0.007843017578118873,
      0.007843017578118873,
      0.007843017578118873,
      0.007843017578118873,
      0.007843017578118873,
      0.007843017578118873,
      0.007843017578118873,
      0.007843017578118873,
      0.007843017578118873,
      0.007843017578118873,
      0.007843017578118873,
      0.007843017578118873,
      0.007843017578118873,
      0.007843017578118873,
      0.007843017578118873,
      0.007843017578118873,
      0.007843017578118873,
      0.007843017578118873,
      0.007843017578118873,
      0.007843017578118873,
      0.007843017578118873,
      0.007843017578118873,
      0.007843017578118873,
      0.007843017578118873,
      0.007843017578118873,
      0.007843017578118873,
      0.007843017578118873,
      0.007843017578118873,
      0.007843017578118873,
      0.007843017578118873,
      0.007843017578118873,
      0.007843017578118873,
      0.007843017578118873,
      0.007843017578118873,
      0.007843017578118873,
      0.007843017578118873,
      0.007843017578118873,
      0.007843017578118873,
      0.007843017578118873,
      0.007843017578118873,
      0.007843017578118873,
      0.007843017578118873,
      0.007843017578118873,
      0.007843017578118873,
      0.007843017578118873,
      0.007843017578118873,
      0.007843017578118873,
      0.007843017578118873,
      0.007843017578118873,
      0.007843017578118873,
      0.007843017578118873,
      0.007843017578118873,
      0.007843017578118873,
      0.007843017578118873,
      0.007843017578118873,
      0.007843017578118873,
      0.007843017578118873,
      0.007843017578118873,
      0.007843017578118873,
      0.007843017578118873,
      0.007843017578118873,
      0.007843017578118873,
      0.007843017578118873,
      0.007843017578118873,
      0.007843017578118873,
      0.007843017578118873,
      0.007843017578118873,
      0.007843017578118873,
      0.007843017578118873,
      0.007843017578118873,
      0.007843017578118873,
      0.007843017578118873,
      0.007843017578118873,
      0.007843017578118873,
      0.007843017578118873,
      0.007843017578118873,
      0.007843017578118873,
      0.007843017578118873,
      0.007843017578118873,
      0.007843017578118873,
      0.007843017578118873,
      0.007843017578118873,
      0.007843017578118873,
      0.007843017578118873,
      0.007843017578118873,
      0.007843017578118873,
      0.007843017578118873,
      0.007843017578118873,
      0.007843017578118873
    ],
    "robustness_scores": [
      0.13513513513513511,
      0.13513513513513511,
      0.13513513513513511,
      0.13513513513513511,
      0.13513513513513511,
      0.13513513513513511,
      0.13513513513513511,
      0.13513513513513511,
      0.13513513513513511,
      0.13513513513513511,
      0.13513513513513511,
      0.13513513513513511,
      0.13513513513513511,
      0.13513513513513511,
      0.13513513513513511,
      0.13513513513513511,
      0.13513513513513511,
      0.13513513513513511,
      0.13513513513513511,
      0.13513513513513511,
      0.13513513513513511,
      0.13513513513513511,
      0.13513513513513511,
      0.13513513513513511,
      0.13513513513513511,
      0.13513513513513511,
      0.13513513513513511,
      0.13513513513513511,
      0.13513513513513511,
      0.13513513513513511,
      0.13513513513513511,
      0.13513513513513511,
      0.13513513513513511,
      0.13513513513513511,
      0.13513513513513511,
      0.13513513513513511,
      0.13513513513513511,
      0.13513513513513511,
      0.13513513513513511,
      0.13513513513513511,
      0.13513513513513511,
      0.13513513513513511,
      0.13513513513513511,
      0.13513513513513511,
      0.13513513513513511,
      0.13513513513513511,
      0.13513513513513511,
      0.13513513513513511,
      0.13513513513513511,
      0.13513513513513511,
      0.13513513513513511,
      0.13513513513513511,
      0.13513513513513511,
      0.13513513513513511,
      0.13513513513513511,
      0.13513513513513511,
      0.13513513513513511,
      0.13513513513513511,
      0.13513513513513511,
      0.13513513513513511,
      0.13513513513513511,
      0.13513513513513511,
      0.13513513513513511,
      0.13513513513513511,
      0.13513513513513511,
      0.13513513513513511,
      0.13513513513513511,
      0.13513513513513511,
      0.13513513513513511,
      0.13513513513513511,
      0.13513513513513511,
      0.13513513513513511,
      0.13513513513513511,
      0.13513513513513511,
      0.13513513513513511,
      0.13513513513513511,
      0.13513513513513511,
      0.13513513513513511,
      0.13513513513513511,
      0.13513513513513511,
      0.13513513513513511,
      0.13513513513513511,
      0.13513513513513511,
      0.13513513513513511,
      0.13513513513513511,
      0.13513513513513511,
      0.13513513513513511,
      0.13513513513513511,
      0.13513513513513511,
      0.13513513513513511,
      0.13513513513513511,
      0.13513513513513511,
      0.13513513513513511,
      0.13513513513513511,
      0.13513513513513511,
      0.13513513513513511,
      0.13513513513513511,
      0.13513513513513511,
      0.13513513513513511,
      0.13513513513513511
    ],